mode,top,name,acc,k
place,0,wangchen1,0.853125,0.1
place,1,wangchen1,0.94375,0.1
place,2,wangchen1,0.95625,0.1
place,3,wangchen1,0.96875,0.1
place,4,wangchen1,0.98125,0.1
hover,0,wangchen1,0.896969697,0.1
hover,1,wangchen1,0.963636364,0.1
hover,2,wangchen1,0.96969697,0.1
hover,3,wangchen1,0.978787879,0.1
hover,4,wangchen1,0.984848485,0.1
place,0,cai,0.488095238,0.1
place,1,cai,0.592261905,0.1
place,2,cai,0.663690476,0.1
place,3,cai,0.711309524,0.1
place,4,cai,0.729166667,0.1
hover,0,cai,0.694362018,0.1
hover,1,cai,0.792284866,0.1
hover,2,cai,0.848664688,0.1
hover,3,cai,0.872403561,0.1
hover,4,cai,0.887240356,0.1
place,0,luyiqin,0.648484848,0.1
place,1,luyiqin,0.775757576,0.1
place,2,luyiqin,0.827272727,0.1
place,3,luyiqin,0.872727273,0.1
place,4,luyiqin,0.893939394,0.1
hover,0,luyiqin,0.468277946,0.1
hover,1,luyiqin,0.583081571,0.1
hover,2,luyiqin,0.640483384,0.1
hover,3,luyiqin,0.673716012,0.1
hover,4,luyiqin,0.70694864,0.1
place,0,fjy,0.656626506,0.1
place,1,fjy,0.807228916,0.1
place,2,fjy,0.864457831,0.1
place,3,fjy,0.897590361,0.1
place,4,fjy,0.924698795,0.1
hover,0,fjy,0.660714286,0.1
hover,1,fjy,0.821428571,0.1
hover,2,fjy,0.875,0.1
hover,3,fjy,0.898809524,0.1
hover,4,fjy,0.904761905,0.1
place,0,lc,0.68914956,0.1
place,1,lc,0.791788856,0.1
place,2,lc,0.832844575,0.1
place,3,lc,0.873900293,0.1
place,4,lc,0.885630499,0.1
hover,0,lc,0.8125,0.1
hover,1,lc,0.901785714,0.1
hover,2,lc,0.93452381,0.1
hover,3,lc,0.955357143,0.1
hover,4,lc,0.967261905,0.1
place,0,lwk,0.695522388,0.1
place,1,lwk,0.814925373,0.1
place,2,lwk,0.865671642,0.1
place,3,lwk,0.904477612,0.1
place,4,lwk,0.92238806,0.1
hover,0,lwk,0.653374233,0.1
hover,1,lwk,0.785276074,0.1
hover,2,lwk,0.831288344,0.1
hover,3,lwk,0.865030675,0.1
hover,4,lwk,0.889570552,0.1
place,0,lxy,0.627692308,0.1
place,1,lxy,0.766153846,0.1
place,2,lxy,0.821538462,0.1
place,3,lxy,0.855384615,0.1
place,4,lxy,0.870769231,0.1
hover,0,lxy,0.798192771,0.1
hover,1,lxy,0.915662651,0.1
hover,2,lxy,0.951807229,0.1
hover,3,lxy,0.96686747,0.1
hover,4,lxy,0.969879518,0.1
place,0,qdn,0.633928571,0.1
place,1,qdn,0.74702381,0.1
place,2,qdn,0.773809524,0.1
place,3,qdn,0.794642857,0.1
place,4,qdn,0.80952381,0.1
hover,0,qdn,0.703264095,0.1
hover,1,qdn,0.816023739,0.1
hover,2,qdn,0.881305638,0.1
hover,3,qdn,0.902077151,0.1
hover,4,qdn,0.922848665,0.1
place,0,wyd,0.662790698,0.1
place,1,wyd,0.805232558,0.1
place,2,wyd,0.834302326,0.1
place,3,wyd,0.863372093,0.1
place,4,wyd,0.89244186,0.1
hover,0,wyd,0.764890282,0.1
hover,1,wyd,0.852664577,0.1
hover,2,wyd,0.912225705,0.1
hover,3,wyd,0.937304075,0.1
hover,4,wyd,0.946708464,0.1
place,0,czt,0.560117302,0.1
place,1,czt,0.709677419,0.1
place,2,czt,0.75659824,0.1
place,3,czt,0.815249267,0.1
place,4,czt,0.84457478,0.1
hover,0,czt,0.584097859,0.1
hover,1,czt,0.709480122,0.1
hover,2,czt,0.764525994,0.1
hover,3,czt,0.80733945,0.1
hover,4,czt,0.825688073,0.1
place,0,gsh,0.886850153,0.1
place,1,gsh,0.951070336,0.1
place,2,gsh,0.96941896,0.1
place,3,gsh,0.978593272,0.1
place,4,gsh,0.987767584,0.1
hover,0,gsh,0.875,0.1
hover,1,gsh,0.955357143,0.1
hover,2,gsh,0.976190476,0.1
hover,3,gsh,0.985119048,0.1
hover,4,gsh,0.991071429,0.1
place,0,fsq,0.607669617,0.1
place,1,fsq,0.772861357,0.1
place,2,fsq,0.820058997,0.1
place,3,fsq,0.849557522,0.1
place,4,fsq,0.867256637,0.1
hover,0,fsq,0.698830409,0.1
hover,1,fsq,0.830409357,0.1
hover,2,fsq,0.871345029,0.1
hover,3,fsq,0.912280702,0.1
hover,4,fsq,0.915204678,0.1
place,0,wangchen1,0.85,0.4
place,1,wangchen1,0.925,0.4
place,2,wangchen1,0.953125,0.4
place,3,wangchen1,0.965625,0.4
place,4,wangchen1,0.96875,0.4
hover,0,wangchen1,0.875757576,0.4
hover,1,wangchen1,0.939393939,0.4
hover,2,wangchen1,0.972727273,0.4
hover,3,wangchen1,0.984848485,0.4
hover,4,wangchen1,0.987878788,0.4
place,0,cai,0.491071429,0.4
place,1,cai,0.616071429,0.4
place,2,cai,0.68452381,0.4
place,3,cai,0.696428571,0.4
place,4,cai,0.729166667,0.4
hover,0,cai,0.661721068,0.4
hover,1,cai,0.804154303,0.4
hover,2,cai,0.869436202,0.4
hover,3,cai,0.890207715,0.4
hover,4,cai,0.908011869,0.4
place,0,luyiqin,0.712121212,0.4
place,1,luyiqin,0.83030303,0.4
place,2,luyiqin,0.878787879,0.4
place,3,luyiqin,0.915151515,0.4
place,4,luyiqin,0.927272727,0.4
hover,0,luyiqin,0.534743202,0.4
hover,1,luyiqin,0.649546828,0.4
hover,2,luyiqin,0.722054381,0.4
hover,3,luyiqin,0.758308157,0.4
hover,4,luyiqin,0.782477341,0.4
place,0,fjy,0.68373494,0.4
place,1,fjy,0.828313253,0.4
place,2,fjy,0.876506024,0.4
place,3,fjy,0.897590361,0.4
place,4,fjy,0.927710843,0.4
hover,0,fjy,0.669642857,0.4
hover,1,fjy,0.81547619,0.4
hover,2,fjy,0.848214286,0.4
hover,3,fjy,0.886904762,0.4
hover,4,fjy,0.901785714,0.4
place,0,lc,0.709677419,0.4
place,1,lc,0.803519062,0.4
place,2,lc,0.847507331,0.4
place,3,lc,0.870967742,0.4
place,4,lc,0.88856305,0.4
hover,0,lc,0.803571429,0.4
hover,1,lc,0.904761905,0.4
hover,2,lc,0.9375,0.4
hover,3,lc,0.946428571,0.4
hover,4,lc,0.952380952,0.4
place,0,lwk,0.71641791,0.4
place,1,lwk,0.844776119,0.4
place,2,lwk,0.886567164,0.4
place,3,lwk,0.919402985,0.4
place,4,lwk,0.925373134,0.4
hover,0,lwk,0.717791411,0.4
hover,1,lwk,0.831288344,0.4
hover,2,lwk,0.880368098,0.4
hover,3,lwk,0.901840491,0.4
hover,4,lwk,0.914110429,0.4
place,0,lxy,0.793846154,0.4
place,1,lxy,0.907692308,0.4
place,2,lxy,0.941538462,0.4
place,3,lxy,0.96,0.4
place,4,lxy,0.96,0.4
hover,0,lxy,0.852409639,0.4
hover,1,lxy,0.951807229,0.4
hover,2,lxy,0.969879518,0.4
hover,3,lxy,0.969879518,0.4
hover,4,lxy,0.981927711,0.4
place,0,qdn,0.714285714,0.4
place,1,qdn,0.800595238,0.4
place,2,qdn,0.824404762,0.4
place,3,qdn,0.851190476,0.4
place,4,qdn,0.851190476,0.4
hover,0,qdn,0.735905045,0.4
hover,1,qdn,0.818991098,0.4
hover,2,qdn,0.872403561,0.4
hover,3,qdn,0.899109792,0.4
hover,4,qdn,0.928783383,0.4
place,0,wyd,0.744186047,0.4
place,1,wyd,0.875,0.4
place,2,wyd,0.915697674,0.4
place,3,wyd,0.921511628,0.4
place,4,wyd,0.947674419,0.4
hover,0,wyd,0.780564263,0.4
hover,1,wyd,0.858934169,0.4
hover,2,wyd,0.921630094,0.4
hover,3,wyd,0.943573668,0.4
hover,4,wyd,0.94984326,0.4
place,0,czt,0.633431085,0.4
place,1,czt,0.747800587,0.4
place,2,czt,0.806451613,0.4
place,3,czt,0.838709677,0.4
place,4,czt,0.876832845,0.4
hover,0,czt,0.633027523,0.4
hover,1,czt,0.749235474,0.4
hover,2,czt,0.819571865,0.4
hover,3,czt,0.880733945,0.4
hover,4,czt,0.892966361,0.4
place,0,gsh,0.847094801,0.4
place,1,gsh,0.944954128,0.4
place,2,gsh,0.975535168,0.4
place,3,gsh,0.98470948,0.4
place,4,gsh,0.987767584,0.4
hover,0,gsh,0.869047619,0.4
hover,1,gsh,0.958333333,0.4
hover,2,gsh,0.979166667,0.4
hover,3,gsh,0.985119048,0.4
hover,4,gsh,0.991071429,0.4
place,0,fsq,0.666666667,0.4
place,1,fsq,0.802359882,0.4
place,2,fsq,0.852507375,0.4
place,3,fsq,0.879056047,0.4
place,4,fsq,0.899705015,0.4
hover,0,fsq,0.684210526,0.4
hover,1,fsq,0.821637427,0.4
hover,2,fsq,0.871345029,0.4
hover,3,fsq,0.900584795,0.4
hover,4,fsq,0.915204678,0.4
place,0,wangchen1,0.85,0.3
place,1,wangchen1,0.934375,0.3
place,2,wangchen1,0.95625,0.3
place,3,wangchen1,0.965625,0.3
place,4,wangchen1,0.975,0.3
hover,0,wangchen1,0.884848485,0.3
hover,1,wangchen1,0.951515152,0.3
hover,2,wangchen1,0.972727273,0.3
hover,3,wangchen1,0.981818182,0.3
hover,4,wangchen1,0.987878788,0.3
place,0,cai,0.479166667,0.3
place,1,cai,0.625,0.3
place,2,cai,0.675595238,0.3
place,3,cai,0.702380952,0.3
place,4,cai,0.744047619,0.3
hover,0,cai,0.673590504,0.3
hover,1,cai,0.81305638,0.3
hover,2,cai,0.869436202,0.3
hover,3,cai,0.893175074,0.3
hover,4,cai,0.908011869,0.3
place,0,luyiqin,0.718181818,0.3
place,1,luyiqin,0.833333333,0.3
place,2,luyiqin,0.887878788,0.3
place,3,luyiqin,0.915151515,0.3
place,4,luyiqin,0.93030303,0.3
hover,0,luyiqin,0.540785498,0.3
hover,1,luyiqin,0.652567976,0.3
hover,2,luyiqin,0.712990937,0.3
hover,3,luyiqin,0.746223565,0.3
hover,4,luyiqin,0.779456193,0.3
place,0,fjy,0.680722892,0.3
place,1,fjy,0.810240964,0.3
place,2,fjy,0.873493976,0.3
place,3,fjy,0.909638554,0.3
place,4,fjy,0.924698795,0.3
hover,0,fjy,0.669642857,0.3
hover,1,fjy,0.81547619,0.3
hover,2,fjy,0.866071429,0.3
hover,3,fjy,0.895833333,0.3
hover,4,fjy,0.904761905,0.3
place,0,lc,0.712609971,0.3
place,1,lc,0.809384164,0.3
place,2,lc,0.850439883,0.3
place,3,lc,0.859237537,0.3
place,4,lc,0.894428152,0.3
hover,0,lc,0.800595238,0.3
hover,1,lc,0.910714286,0.3
hover,2,lc,0.943452381,0.3
hover,3,lc,0.949404762,0.3
hover,4,lc,0.955357143,0.3
place,0,lwk,0.71641791,0.3
place,1,lwk,0.850746269,0.3
place,2,lwk,0.88358209,0.3
place,3,lwk,0.91641791,0.3
place,4,lwk,0.928358209,0.3
hover,0,lwk,0.699386503,0.3
hover,1,lwk,0.834355828,0.3
hover,2,lwk,0.877300613,0.3
hover,3,lwk,0.901840491,0.3
hover,4,lwk,0.914110429,0.3
place,0,lxy,0.787692308,0.3
place,1,lxy,0.886153846,0.3
place,2,lxy,0.929230769,0.3
place,3,lxy,0.947692308,0.3
place,4,lxy,0.953846154,0.3
hover,0,lxy,0.846385542,0.3
hover,1,lxy,0.951807229,0.3
hover,2,lxy,0.969879518,0.3
hover,3,lxy,0.972891566,0.3
hover,4,lxy,0.987951807,0.3
place,0,qdn,0.693452381,0.3
place,1,qdn,0.782738095,0.3
place,2,qdn,0.80952381,0.3
place,3,qdn,0.821428571,0.3
place,4,qdn,0.836309524,0.3
hover,0,qdn,0.727002967,0.3
hover,1,qdn,0.816023739,0.3
hover,2,qdn,0.872403561,0.3
hover,3,qdn,0.910979228,0.3
hover,4,qdn,0.925816024,0.3
place,0,wyd,0.738372093,0.3
place,1,wyd,0.877906977,0.3
place,2,wyd,0.906976744,0.3
place,3,wyd,0.921511628,0.3
place,4,wyd,0.941860465,0.3
hover,0,wyd,0.78369906,0.3
hover,1,wyd,0.868338558,0.3
hover,2,wyd,0.934169279,0.3
hover,3,wyd,0.946708464,0.3
hover,4,wyd,0.94984326,0.3
place,0,czt,0.633431085,0.3
place,1,czt,0.753665689,0.3
place,2,czt,0.812316716,0.3
place,3,czt,0.850439883,0.3
place,4,czt,0.876832845,0.3
hover,0,czt,0.633027523,0.3
hover,1,czt,0.755351682,0.3
hover,2,czt,0.813455657,0.3
hover,3,czt,0.868501529,0.3
hover,4,czt,0.883792049,0.3
place,0,gsh,0.853211009,0.3
place,1,gsh,0.944954128,0.3
place,2,gsh,0.975535168,0.3
place,3,gsh,0.98470948,0.3
place,4,gsh,0.987767584,0.3
hover,0,gsh,0.869047619,0.3
hover,1,gsh,0.958333333,0.3
hover,2,gsh,0.976190476,0.3
hover,3,gsh,0.985119048,0.3
hover,4,gsh,0.991071429,0.3
place,0,fsq,0.666666667,0.3
place,1,fsq,0.799410029,0.3
place,2,fsq,0.855457227,0.3
place,3,fsq,0.887905605,0.3
place,4,fsq,0.908554572,0.3
hover,0,fsq,0.692982456,0.3
hover,1,fsq,0.821637427,0.3
hover,2,fsq,0.871345029,0.3
hover,3,fsq,0.900584795,0.3
hover,4,fsq,0.909356725,0.3
place,0,wangchen1,0.803125,0.8
place,1,wangchen1,0.909375,0.8
place,2,wangchen1,0.934375,0.8
place,3,wangchen1,0.965625,0.8
place,4,wangchen1,0.971875,0.8
hover,0,wangchen1,0.83030303,0.8
hover,1,wangchen1,0.918181818,0.8
hover,2,wangchen1,0.951515152,0.8
hover,3,wangchen1,0.957575758,0.8
hover,4,wangchen1,0.966666667,0.8
place,0,cai,0.452380952,0.8
place,1,cai,0.601190476,0.8
place,2,cai,0.669642857,0.8
place,3,cai,0.699404762,0.8
place,4,cai,0.729166667,0.8
hover,0,cai,0.578635015,0.8
hover,1,cai,0.738872404,0.8
hover,2,cai,0.792284866,0.8
hover,3,cai,0.833827893,0.8
hover,4,cai,0.866468843,0.8
place,0,luyiqin,0.678787879,0.8
place,1,luyiqin,0.809090909,0.8
place,2,luyiqin,0.860606061,0.8
place,3,luyiqin,0.893939394,0.8
place,4,luyiqin,0.915151515,0.8
hover,0,luyiqin,0.534743202,0.8
hover,1,luyiqin,0.643504532,0.8
hover,2,luyiqin,0.6918429,0.8
hover,3,luyiqin,0.743202417,0.8
hover,4,luyiqin,0.776435045,0.8
place,0,fjy,0.68373494,0.8
place,1,fjy,0.810240964,0.8
place,2,fjy,0.864457831,0.8
place,3,fjy,0.879518072,0.8
place,4,fjy,0.891566265,0.8
hover,0,fjy,0.62202381,0.8
hover,1,fjy,0.75297619,0.8
hover,2,fjy,0.80952381,0.8
hover,3,fjy,0.842261905,0.8
hover,4,fjy,0.860119048,0.8
place,0,lc,0.668621701,0.8
place,1,lc,0.768328446,0.8
place,2,lc,0.824046921,0.8
place,3,lc,0.856304985,0.8
place,4,lc,0.865102639,0.8
hover,0,lc,0.770833333,0.8
hover,1,lc,0.860119048,0.8
hover,2,lc,0.910714286,0.8
hover,3,lc,0.925595238,0.8
hover,4,lc,0.94047619,0.8
place,0,lwk,0.680597015,0.8
place,1,lwk,0.823880597,0.8
place,2,lwk,0.889552239,0.8
place,3,lwk,0.91641791,0.8
place,4,lwk,0.931343284,0.8
hover,0,lwk,0.699386503,0.8
hover,1,lwk,0.803680982,0.8
hover,2,lwk,0.858895706,0.8
hover,3,lwk,0.895705521,0.8
hover,4,lwk,0.914110429,0.8
place,0,lxy,0.769230769,0.8
place,1,lxy,0.889230769,0.8
place,2,lxy,0.910769231,0.8
place,3,lxy,0.935384615,0.8
place,4,lxy,0.950769231,0.8
hover,0,lxy,0.834337349,0.8
hover,1,lxy,0.930722892,0.8
hover,2,lxy,0.957831325,0.8
hover,3,lxy,0.96686747,0.8
hover,4,lxy,0.978915663,0.8
place,0,qdn,0.696428571,0.8
place,1,qdn,0.791666667,0.8
place,2,qdn,0.821428571,0.8
place,3,qdn,0.845238095,0.8
place,4,qdn,0.854166667,0.8
hover,0,qdn,0.685459941,0.8
hover,1,qdn,0.798219585,0.8
hover,2,qdn,0.845697329,0.8
hover,3,qdn,0.881305638,0.8
hover,4,qdn,0.902077151,0.8
place,0,wyd,0.720930233,0.8
place,1,wyd,0.848837209,0.8
place,2,wyd,0.886627907,0.8
place,3,wyd,0.904069767,0.8
place,4,wyd,0.930232558,0.8
hover,0,wyd,0.752351097,0.8
hover,1,wyd,0.836990596,0.8
hover,2,wyd,0.880877743,0.8
hover,3,wyd,0.912225705,0.8
hover,4,wyd,0.934169279,0.8
place,0,czt,0.568914956,0.8
place,1,czt,0.68914956,0.8
place,2,czt,0.7771261,0.8
place,3,czt,0.812316716,0.8
place,4,czt,0.84457478,0.8
hover,0,czt,0.577981651,0.8
hover,1,czt,0.712538226,0.8
hover,2,czt,0.785932722,0.8
hover,3,czt,0.831804281,0.8
hover,4,czt,0.862385321,0.8
place,0,gsh,0.816513761,0.8
place,1,gsh,0.911314985,0.8
place,2,gsh,0.960244648,0.8
place,3,gsh,0.98470948,0.8
place,4,gsh,0.987767584,0.8
hover,0,gsh,0.833333333,0.8
hover,1,gsh,0.931547619,0.8
hover,2,gsh,0.976190476,0.8
hover,3,gsh,0.985119048,0.8
hover,4,gsh,0.988095238,0.8
place,0,fsq,0.637168142,0.8
place,1,fsq,0.761061947,0.8
place,2,fsq,0.81120944,0.8
place,3,fsq,0.837758112,0.8
place,4,fsq,0.85840708,0.8
hover,0,fsq,0.669590643,0.8
hover,1,fsq,0.783625731,0.8
hover,2,fsq,0.842105263,0.8
hover,3,fsq,0.871345029,0.8
hover,4,fsq,0.883040936,0.8
place,0,wangchen1,0.765625,1
place,1,wangchen1,0.8875,1
place,2,wangchen1,0.9125,1
place,3,wangchen1,0.95,1
place,4,wangchen1,0.971875,1
hover,0,wangchen1,0.778787879,1
hover,1,wangchen1,0.9,1
hover,2,wangchen1,0.942424242,1
hover,3,wangchen1,0.954545455,1
hover,4,wangchen1,0.957575758,1
place,0,cai,0.4375,1
place,1,cai,0.55952381,1
place,2,cai,0.62202381,1
place,3,cai,0.672619048,1
place,4,cai,0.702380952,1
hover,0,cai,0.528189911,1
hover,1,cai,0.676557864,1
hover,2,cai,0.753709199,1
hover,3,cai,0.807121662,1
hover,4,cai,0.824925816,1
place,0,luyiqin,0.639393939,1
place,1,luyiqin,0.766666667,1
place,2,luyiqin,0.821212121,1
place,3,luyiqin,0.848484848,1
place,4,luyiqin,0.878787879,1
hover,0,luyiqin,0.504531722,1
hover,1,luyiqin,0.628398792,1
hover,2,luyiqin,0.667673716,1
hover,3,luyiqin,0.703927492,1
hover,4,luyiqin,0.758308157,1
place,0,fjy,0.611445783,1
place,1,fjy,0.768072289,1
place,2,fjy,0.843373494,1
place,3,fjy,0.86746988,1
place,4,fjy,0.888554217,1
hover,0,fjy,0.592261905,1
hover,1,fjy,0.714285714,1
hover,2,fjy,0.773809524,1
hover,3,fjy,0.806547619,1
hover,4,fjy,0.824404762,1
place,0,lc,0.653958944,1
place,1,lc,0.741935484,1
place,2,lc,0.791788856,1
place,3,lc,0.824046921,1
place,4,lc,0.847507331,1
hover,0,lc,0.729166667,1
hover,1,lc,0.833333333,1
hover,2,lc,0.866071429,1
hover,3,lc,0.889880952,1
hover,4,lc,0.913690476,1
place,0,lwk,0.647761194,1
place,1,lwk,0.785074627,1
place,2,lwk,0.856716418,1
place,3,lwk,0.892537313,1
place,4,lwk,0.91641791,1
hover,0,lwk,0.680981595,1
hover,1,lwk,0.766871166,1
hover,2,lwk,0.837423313,1
hover,3,lwk,0.874233129,1
hover,4,lwk,0.901840491,1
place,0,lxy,0.729230769,1
place,1,lxy,0.861538462,1
place,2,lxy,0.889230769,1
place,3,lxy,0.907692308,1
place,4,lxy,0.929230769,1
hover,0,lxy,0.786144578,1
hover,1,lxy,0.918674699,1
hover,2,lxy,0.951807229,1
hover,3,lxy,0.963855422,1
hover,4,lxy,0.972891566,1
place,0,qdn,0.657738095,1
place,1,qdn,0.767857143,1
place,2,qdn,0.794642857,1
place,3,qdn,0.824404762,1
place,4,qdn,0.848214286,1
hover,0,qdn,0.652818991,1
hover,1,qdn,0.774480712,1
hover,2,qdn,0.833827893,1
hover,3,qdn,0.854599407,1
hover,4,qdn,0.878338279,1
place,0,wyd,0.686046512,1
place,1,wyd,0.822674419,1
place,2,wyd,0.872093023,1
place,3,wyd,0.89244186,1
place,4,wyd,0.912790698,1
hover,0,wyd,0.692789969,1
hover,1,wyd,0.796238245,1
hover,2,wyd,0.855799373,1
hover,3,wyd,0.880877743,1
hover,4,wyd,0.909090909,1
place,0,czt,0.554252199,1
place,1,czt,0.677419355,1
place,2,czt,0.736070381,1
place,3,czt,0.809384164,1
place,4,czt,0.829912023,1
hover,0,czt,0.559633028,1
hover,1,czt,0.669724771,1
hover,2,czt,0.752293578,1
hover,3,czt,0.798165138,1
hover,4,czt,0.819571865,1
place,0,gsh,0.798165138,1
place,1,gsh,0.889908257,1
place,2,gsh,0.941896024,1
place,3,gsh,0.948012232,1
place,4,gsh,0.966360856,1
hover,0,gsh,0.806547619,1
hover,1,gsh,0.913690476,1
hover,2,gsh,0.952380952,1
hover,3,gsh,0.973214286,1
hover,4,gsh,0.982142857,1
place,0,fsq,0.578171091,1
place,1,fsq,0.702064897,1
place,2,fsq,0.787610619,1
place,3,fsq,0.81120944,1
place,4,fsq,0.831858407,1
hover,0,fsq,0.625730994,1
hover,1,fsq,0.739766082,1
hover,2,fsq,0.801169591,1
hover,3,fsq,0.83625731,1
hover,4,fsq,0.856725146,1
place,0,wangchen1,0.825,0.7
place,1,wangchen1,0.9125,0.7
place,2,wangchen1,0.940625,0.7
place,3,wangchen1,0.965625,0.7
place,4,wangchen1,0.975,0.7
hover,0,wangchen1,0.83030303,0.7
hover,1,wangchen1,0.933333333,0.7
hover,2,wangchen1,0.960606061,0.7
hover,3,wangchen1,0.966666667,0.7
hover,4,wangchen1,0.978787879,0.7
place,0,cai,0.467261905,0.7
place,1,cai,0.601190476,0.7
place,2,cai,0.657738095,0.7
place,3,cai,0.705357143,0.7
place,4,cai,0.735119048,0.7
hover,0,cai,0.59347181,0.7
hover,1,cai,0.744807122,0.7
hover,2,cai,0.816023739,0.7
hover,3,cai,0.848664688,0.7
hover,4,cai,0.87537092,0.7
place,0,luyiqin,0.7,0.7
place,1,luyiqin,0.821212121,0.7
place,2,luyiqin,0.866666667,0.7
place,3,luyiqin,0.912121212,0.7
place,4,luyiqin,0.927272727,0.7
hover,0,luyiqin,0.528700906,0.7
hover,1,luyiqin,0.652567976,0.7
hover,2,luyiqin,0.697885196,0.7
hover,3,luyiqin,0.737160121,0.7
hover,4,luyiqin,0.788519637,0.7
place,0,fjy,0.707831325,0.7
place,1,fjy,0.822289157,0.7
place,2,fjy,0.861445783,0.7
place,3,fjy,0.885542169,0.7
place,4,fjy,0.90060241,0.7
hover,0,fjy,0.616071429,0.7
hover,1,fjy,0.776785714,0.7
hover,2,fjy,0.836309524,0.7
hover,3,fjy,0.857142857,0.7
hover,4,fjy,0.880952381,0.7
place,0,lc,0.695014663,0.7
place,1,lc,0.791788856,0.7
place,2,lc,0.832844575,0.7
place,3,lc,0.853372434,0.7
place,4,lc,0.870967742,0.7
hover,0,lc,0.773809524,0.7
hover,1,lc,0.869047619,0.7
hover,2,lc,0.922619048,0.7
hover,3,lc,0.93452381,0.7
hover,4,lc,0.952380952,0.7
place,0,lwk,0.695522388,0.7
place,1,lwk,0.823880597,0.7
place,2,lwk,0.889552239,0.7
place,3,lwk,0.919402985,0.7
place,4,lwk,0.928358209,0.7
hover,0,lwk,0.699386503,0.7
hover,1,lwk,0.828220859,0.7
hover,2,lwk,0.858895706,0.7
hover,3,lwk,0.892638037,0.7
hover,4,lwk,0.914110429,0.7
place,0,lxy,0.781538462,0.7
place,1,lxy,0.898461538,0.7
place,2,lxy,0.923076923,0.7
place,3,lxy,0.944615385,0.7
place,4,lxy,0.950769231,0.7
hover,0,lxy,0.837349398,0.7
hover,1,lxy,0.945783133,0.7
hover,2,lxy,0.96686747,0.7
hover,3,lxy,0.972891566,0.7
hover,4,lxy,0.975903614,0.7
place,0,qdn,0.705357143,0.7
place,1,qdn,0.797619048,0.7
place,2,qdn,0.833333333,0.7
place,3,qdn,0.848214286,0.7
place,4,qdn,0.854166667,0.7
hover,0,qdn,0.703264095,0.7
hover,1,qdn,0.81305638,0.7
hover,2,qdn,0.869436202,0.7
hover,3,qdn,0.893175074,0.7
hover,4,qdn,0.913946588,0.7
place,0,wyd,0.735465116,0.7
place,1,wyd,0.86627907,0.7
place,2,wyd,0.901162791,0.7
place,3,wyd,0.915697674,0.7
place,4,wyd,0.936046512,0.7
hover,0,wyd,0.768025078,0.7
hover,1,wyd,0.833855799,0.7
hover,2,wyd,0.880877743,0.7
hover,3,wyd,0.912225705,0.7
hover,4,wyd,0.931034483,0.7
place,0,czt,0.604105572,0.7
place,1,czt,0.73313783,0.7
place,2,czt,0.803519062,0.7
place,3,czt,0.832844575,0.7
place,4,czt,0.862170088,0.7
hover,0,czt,0.599388379,0.7
hover,1,czt,0.718654434,0.7
hover,2,czt,0.798165138,0.7
hover,3,czt,0.837920489,0.7
hover,4,czt,0.868501529,0.7
place,0,gsh,0.822629969,0.7
place,1,gsh,0.923547401,0.7
place,2,gsh,0.972477064,0.7
place,3,gsh,0.987767584,0.7
place,4,gsh,0.987767584,0.7
hover,0,gsh,0.845238095,0.7
hover,1,gsh,0.94047619,0.7
hover,2,gsh,0.979166667,0.7
hover,3,gsh,0.985119048,0.7
hover,4,gsh,0.988095238,0.7
place,0,fsq,0.651917404,0.7
place,1,fsq,0.778761062,0.7
place,2,fsq,0.820058997,0.7
place,3,fsq,0.87020649,0.7
place,4,fsq,0.8820059,0.7
hover,0,fsq,0.675438596,0.7
hover,1,fsq,0.798245614,0.7
hover,2,fsq,0.847953216,0.7
hover,3,fsq,0.891812865,0.7
hover,4,fsq,0.906432749,0.7
place,0,wangchen1,0.846875,0.2
place,1,wangchen1,0.940625,0.2
place,2,wangchen1,0.95625,0.2
place,3,wangchen1,0.96875,0.2
place,4,wangchen1,0.975,0.2
hover,0,wangchen1,0.893939394,0.2
hover,1,wangchen1,0.963636364,0.2
hover,2,wangchen1,0.96969697,0.2
hover,3,wangchen1,0.981818182,0.2
hover,4,wangchen1,0.987878788,0.2
place,0,cai,0.488095238,0.2
place,1,cai,0.613095238,0.2
place,2,cai,0.669642857,0.2
place,3,cai,0.711309524,0.2
place,4,cai,0.735119048,0.2
hover,0,cai,0.694362018,0.2
hover,1,cai,0.816023739,0.2
hover,2,cai,0.857566766,0.2
hover,3,cai,0.881305638,0.2
hover,4,cai,0.893175074,0.2
place,0,luyiqin,0.693939394,0.2
place,1,luyiqin,0.809090909,0.2
place,2,luyiqin,0.875757576,0.2
place,3,luyiqin,0.909090909,0.2
place,4,luyiqin,0.93030303,0.2
hover,0,luyiqin,0.510574018,0.2
hover,1,luyiqin,0.622356495,0.2
hover,2,luyiqin,0.697885196,0.2
hover,3,luyiqin,0.740181269,0.2
hover,4,luyiqin,0.788519637,0.2
place,0,fjy,0.68373494,0.2
place,1,fjy,0.798192771,0.2
place,2,fjy,0.879518072,0.2
place,3,fjy,0.909638554,0.2
place,4,fjy,0.924698795,0.2
hover,0,fjy,0.675595238,0.2
hover,1,fjy,0.827380952,0.2
hover,2,fjy,0.869047619,0.2
hover,3,fjy,0.898809524,0.2
hover,4,fjy,0.907738095,0.2
place,0,lc,0.703812317,0.2
place,1,lc,0.815249267,0.2
place,2,lc,0.847507331,0.2
place,3,lc,0.873900293,0.2
place,4,lc,0.897360704,0.2
hover,0,lc,0.818452381,0.2
hover,1,lc,0.910714286,0.2
hover,2,lc,0.9375,0.2
hover,3,lc,0.949404762,0.2
hover,4,lc,0.964285714,0.2
place,0,lwk,0.71641791,0.2
place,1,lwk,0.829850746,0.2
place,2,lwk,0.87761194,0.2
place,3,lwk,0.913432836,0.2
place,4,lwk,0.931343284,0.2
hover,0,lwk,0.68404908,0.2
hover,1,lwk,0.825153374,0.2
hover,2,lwk,0.86809816,0.2
hover,3,lwk,0.892638037,0.2
hover,4,lwk,0.911042945,0.2
place,0,lxy,0.747692308,0.2
place,1,lxy,0.861538462,0.2
place,2,lxy,0.904615385,0.2
place,3,lxy,0.929230769,0.2
place,4,lxy,0.941538462,0.2
hover,0,lxy,0.837349398,0.2
hover,1,lxy,0.930722892,0.2
hover,2,lxy,0.963855422,0.2
hover,3,lxy,0.972891566,0.2
hover,4,lxy,0.978915663,0.2
place,0,qdn,0.672619048,0.2
place,1,qdn,0.770833333,0.2
place,2,qdn,0.803571429,0.2
place,3,qdn,0.81547619,0.2
place,4,qdn,0.824404762,0.2
hover,0,qdn,0.727002967,0.2
hover,1,qdn,0.827893175,0.2
hover,2,qdn,0.872403561,0.2
hover,3,qdn,0.913946588,0.2
hover,4,qdn,0.931750742,0.2
place,0,wyd,0.74127907,0.2
place,1,wyd,0.86627907,0.2
place,2,wyd,0.88372093,0.2
place,3,wyd,0.895348837,0.2
place,4,wyd,0.938953488,0.2
hover,0,wyd,0.768025078,0.2
hover,1,wyd,0.862068966,0.2
hover,2,wyd,0.915360502,0.2
hover,3,wyd,0.940438871,0.2
hover,4,wyd,0.946708464,0.2
place,0,czt,0.604105572,0.2
place,1,czt,0.739002933,0.2
place,2,czt,0.791788856,0.2
place,3,czt,0.838709677,0.2
place,4,czt,0.865102639,0.2
hover,0,czt,0.596330275,0.2
hover,1,czt,0.743119266,0.2
hover,2,czt,0.79204893,0.2
hover,3,czt,0.844036697,0.2
hover,4,czt,0.865443425,0.2
place,0,gsh,0.871559633,0.2
place,1,gsh,0.951070336,0.2
place,2,gsh,0.96941896,0.2
place,3,gsh,0.978593272,0.2
place,4,gsh,0.987767584,0.2
hover,0,gsh,0.880952381,0.2
hover,1,gsh,0.955357143,0.2
hover,2,gsh,0.982142857,0.2
hover,3,gsh,0.985119048,0.2
hover,4,gsh,0.991071429,0.2
place,0,fsq,0.640117994,0.2
place,1,fsq,0.802359882,0.2
place,2,fsq,0.84660767,0.2
place,3,fsq,0.873156342,0.2
place,4,fsq,0.899705015,0.2
hover,0,fsq,0.695906433,0.2
hover,1,fsq,0.824561404,0.2
hover,2,fsq,0.877192982,0.2
hover,3,fsq,0.903508772,0.2
hover,4,fsq,0.921052632,0.2
place,0,wangchen1,0.8375,0.6
place,1,wangchen1,0.91875,0.6
place,2,wangchen1,0.946875,0.6
place,3,wangchen1,0.96875,0.6
place,4,wangchen1,0.975,0.6
hover,0,wangchen1,0.857575758,0.6
hover,1,wangchen1,0.942424242,0.6
hover,2,wangchen1,0.963636364,0.6
hover,3,wangchen1,0.972727273,0.6
hover,4,wangchen1,0.990909091,0.6
place,0,cai,0.464285714,0.6
place,1,cai,0.601190476,0.6
place,2,cai,0.657738095,0.6
place,3,cai,0.696428571,0.6
place,4,cai,0.726190476,0.6
hover,0,cai,0.623145401,0.6
hover,1,cai,0.765578635,0.6
hover,2,cai,0.833827893,0.6
hover,3,cai,0.869436202,0.6
hover,4,cai,0.887240356,0.6
place,0,luyiqin,0.7,0.6
place,1,luyiqin,0.821212121,0.6
place,2,luyiqin,0.872727273,0.6
place,3,luyiqin,0.909090909,0.6
place,4,luyiqin,0.927272727,0.6
hover,0,luyiqin,0.543806647,0.6
hover,1,luyiqin,0.652567976,0.6
hover,2,luyiqin,0.712990937,0.6
hover,3,luyiqin,0.758308157,0.6
hover,4,luyiqin,0.794561934,0.6
place,0,fjy,0.704819277,0.6
place,1,fjy,0.831325301,0.6
place,2,fjy,0.86746988,0.6
place,3,fjy,0.888554217,0.6
place,4,fjy,0.903614458,0.6
hover,0,fjy,0.639880952,0.6
hover,1,fjy,0.785714286,0.6
hover,2,fjy,0.833333333,0.6
hover,3,fjy,0.860119048,0.6
hover,4,fjy,0.892857143,0.6
place,0,lc,0.706744868,0.6
place,1,lc,0.803519062,0.6
place,2,lc,0.84457478,0.6
place,3,lc,0.873900293,0.6
place,4,lc,0.88856305,0.6
hover,0,lc,0.776785714,0.6
hover,1,lc,0.898809524,0.6
hover,2,lc,0.925595238,0.6
hover,3,lc,0.94047619,0.6
hover,4,lc,0.952380952,0.6
place,0,lwk,0.710447761,0.6
place,1,lwk,0.832835821,0.6
place,2,lwk,0.889552239,0.6
place,3,lwk,0.91641791,0.6
place,4,lwk,0.931343284,0.6
hover,0,lwk,0.714723926,0.6
hover,1,lwk,0.834355828,0.6
hover,2,lwk,0.871165644,0.6
hover,3,lwk,0.904907975,0.6
hover,4,lwk,0.914110429,0.6
place,0,lxy,0.790769231,0.6
place,1,lxy,0.904615385,0.6
place,2,lxy,0.929230769,0.6
place,3,lxy,0.947692308,0.6
place,4,lxy,0.950769231,0.6
hover,0,lxy,0.843373494,0.6
hover,1,lxy,0.948795181,0.6
hover,2,lxy,0.96686747,0.6
hover,3,lxy,0.969879518,0.6
hover,4,lxy,0.978915663,0.6
place,0,qdn,0.699404762,0.6
place,1,qdn,0.800595238,0.6
place,2,qdn,0.845238095,0.6
place,3,qdn,0.854166667,0.6
place,4,qdn,0.860119048,0.6
hover,0,qdn,0.712166172,0.6
hover,1,qdn,0.818991098,0.6
hover,2,qdn,0.884272997,0.6
hover,3,qdn,0.908011869,0.6
hover,4,qdn,0.928783383,0.6
place,0,wyd,0.729651163,0.6
place,1,wyd,0.875,0.6
place,2,wyd,0.921511628,0.6
place,3,wyd,0.927325581,0.6
place,4,wyd,0.944767442,0.6
hover,0,wyd,0.780564263,0.6
hover,1,wyd,0.849529781,0.6
hover,2,wyd,0.89968652,0.6
hover,3,wyd,0.918495298,0.6
hover,4,wyd,0.943573668,0.6
place,0,czt,0.598240469,0.6
place,1,czt,0.73313783,0.6
place,2,czt,0.815249267,0.6
place,3,czt,0.835777126,0.6
place,4,czt,0.870967742,0.6
hover,0,czt,0.611620795,0.6
hover,1,czt,0.733944954,0.6
hover,2,czt,0.801223242,0.6
hover,3,czt,0.847094801,0.6
hover,4,czt,0.874617737,0.6
place,0,gsh,0.822629969,0.6
place,1,gsh,0.932721713,0.6
place,2,gsh,0.975535168,0.6
place,3,gsh,0.98470948,0.6
place,4,gsh,0.987767584,0.6
hover,0,gsh,0.848214286,0.6
hover,1,gsh,0.952380952,0.6
hover,2,gsh,0.982142857,0.6
hover,3,gsh,0.985119048,0.6
hover,4,gsh,0.988095238,0.6
place,0,fsq,0.657817109,0.6
place,1,fsq,0.781710914,0.6
place,2,fsq,0.831858407,0.6
place,3,fsq,0.873156342,0.6
place,4,fsq,0.89380531,0.6
hover,0,fsq,0.687134503,0.6
hover,1,fsq,0.812865497,0.6
hover,2,fsq,0.859649123,0.6
hover,3,fsq,0.900584795,0.6
hover,4,fsq,0.912280702,0.6
place,0,wangchen1,0.78125,0.9
place,1,wangchen1,0.903125,0.9
place,2,wangchen1,0.934375,0.9
place,3,wangchen1,0.95,0.9
place,4,wangchen1,0.971875,0.9
hover,0,wangchen1,0.809090909,0.9
hover,1,wangchen1,0.906060606,0.9
hover,2,wangchen1,0.942424242,0.9
hover,3,wangchen1,0.957575758,0.9
hover,4,wangchen1,0.963636364,0.9
place,0,cai,0.449404762,0.9
place,1,cai,0.571428571,0.9
place,2,cai,0.633928571,0.9
place,3,cai,0.68452381,0.9
place,4,cai,0.699404762,0.9
hover,0,cai,0.566765579,0.9
hover,1,cai,0.706231454,0.9
hover,2,cai,0.771513353,0.9
hover,3,cai,0.824925816,0.9
hover,4,cai,0.84272997,0.9
place,0,luyiqin,0.666666667,0.9
place,1,luyiqin,0.793939394,0.9
place,2,luyiqin,0.848484848,0.9
place,3,luyiqin,0.878787879,0.9
place,4,luyiqin,0.903030303,0.9
hover,0,luyiqin,0.525679758,0.9
hover,1,luyiqin,0.637462236,0.9
hover,2,luyiqin,0.679758308,0.9
hover,3,luyiqin,0.734138973,0.9
hover,4,luyiqin,0.767371601,0.9
place,0,fjy,0.638554217,0.9
place,1,fjy,0.798192771,0.9
place,2,fjy,0.855421687,0.9
place,3,fjy,0.879518072,0.9
place,4,fjy,0.888554217,0.9
hover,0,fjy,0.589285714,0.9
hover,1,fjy,0.738095238,0.9
hover,2,fjy,0.785714286,0.9
hover,3,fjy,0.827380952,0.9
hover,4,fjy,0.848214286,0.9
place,0,lc,0.662756598,0.9
place,1,lc,0.768328446,0.9
place,2,lc,0.818181818,0.9
place,3,lc,0.84457478,0.9
place,4,lc,0.859237537,0.9
hover,0,lc,0.758928571,0.9
hover,1,lc,0.851190476,0.9
hover,2,lc,0.886904762,0.9
hover,3,lc,0.913690476,0.9
hover,4,lc,0.925595238,0.9
place,0,lwk,0.67761194,0.9
place,1,lwk,0.802985075,0.9
place,2,lwk,0.874626866,0.9
place,3,lwk,0.910447761,0.9
place,4,lwk,0.928358209,0.9
hover,0,lwk,0.693251534,0.9
hover,1,lwk,0.785276074,0.9
hover,2,lwk,0.852760736,0.9
hover,3,lwk,0.886503067,0.9
hover,4,lwk,0.901840491,0.9
place,0,lxy,0.753846154,0.9
place,1,lxy,0.883076923,0.9
place,2,lxy,0.904615385,0.9
place,3,lxy,0.929230769,0.9
place,4,lxy,0.938461538,0.9
hover,0,lxy,0.81626506,0.9
hover,1,lxy,0.924698795,0.9
hover,2,lxy,0.960843373,0.9
hover,3,lxy,0.963855422,0.9
hover,4,lxy,0.975903614,0.9
place,0,qdn,0.669642857,0.9
place,1,qdn,0.785714286,0.9
place,2,qdn,0.80952381,0.9
place,3,qdn,0.836309524,0.9
place,4,qdn,0.851190476,0.9
hover,0,qdn,0.667655786,0.9
hover,1,qdn,0.792284866,0.9
hover,2,qdn,0.845697329,0.9
hover,3,qdn,0.857566766,0.9
hover,4,qdn,0.893175074,0.9
place,0,wyd,0.697674419,0.9
place,1,wyd,0.845930233,0.9
place,2,wyd,0.886627907,0.9
place,3,wyd,0.895348837,0.9
place,4,wyd,0.918604651,0.9
hover,0,wyd,0.730407524,0.9
hover,1,wyd,0.843260188,0.9
hover,2,wyd,0.87460815,0.9
hover,3,wyd,0.896551724,0.9
hover,4,wyd,0.92476489,0.9
place,0,czt,0.571847507,0.9
place,1,czt,0.677419355,0.9
place,2,czt,0.75659824,0.9
place,3,czt,0.803519062,0.9
place,4,czt,0.835777126,0.9
hover,0,czt,0.565749235,0.9
hover,1,czt,0.678899083,0.9
hover,2,czt,0.755351682,0.9
hover,3,czt,0.810397554,0.9
hover,4,czt,0.850152905,0.9
place,0,gsh,0.813455657,0.9
place,1,gsh,0.908256881,0.9
place,2,gsh,0.944954128,0.9
place,3,gsh,0.963302752,0.9
place,4,gsh,0.981651376,0.9
hover,0,gsh,0.821428571,0.9
hover,1,gsh,0.919642857,0.9
hover,2,gsh,0.970238095,0.9
hover,3,gsh,0.982142857,0.9
hover,4,gsh,0.985119048,0.9
place,0,fsq,0.610619469,0.9
place,1,fsq,0.725663717,0.9
place,2,fsq,0.81120944,0.9
place,3,fsq,0.825958702,0.9
place,4,fsq,0.849557522,0.9
hover,0,fsq,0.64619883,0.9
hover,1,fsq,0.757309942,0.9
hover,2,fsq,0.821637427,0.9
hover,3,fsq,0.84502924,0.9
hover,4,fsq,0.868421053,0.9
place,0,wangchen1,0.846875,0.5
place,1,wangchen1,0.925,0.5
place,2,wangchen1,0.95,0.5
place,3,wangchen1,0.965625,0.5
place,4,wangchen1,0.971875,0.5
hover,0,wangchen1,0.860606061,0.5
hover,1,wangchen1,0.936363636,0.5
hover,2,wangchen1,0.972727273,0.5
hover,3,wangchen1,0.987878788,0.5
hover,4,wangchen1,0.987878788,0.5
place,0,cai,0.482142857,0.5
place,1,cai,0.601190476,0.5
place,2,cai,0.669642857,0.5
place,3,cai,0.702380952,0.5
place,4,cai,0.723214286,0.5
hover,0,cai,0.658753709,0.5
hover,1,cai,0.786350148,0.5
hover,2,cai,0.845697329,0.5
hover,3,cai,0.869436202,0.5
hover,4,cai,0.884272997,0.5
place,0,luyiqin,0.703030303,0.5
place,1,luyiqin,0.824242424,0.5
place,2,luyiqin,0.878787879,0.5
place,3,luyiqin,0.906060606,0.5
place,4,luyiqin,0.927272727,0.5
hover,0,luyiqin,0.53776435,0.5
hover,1,luyiqin,0.655589124,0.5
hover,2,luyiqin,0.716012085,0.5
hover,3,luyiqin,0.755287009,0.5
hover,4,luyiqin,0.782477341,0.5
place,0,fjy,0.677710843,0.5
place,1,fjy,0.831325301,0.5
place,2,fjy,0.876506024,0.5
place,3,fjy,0.888554217,0.5
place,4,fjy,0.921686747,0.5
hover,0,fjy,0.645833333,0.5
hover,1,fjy,0.791666667,0.5
hover,2,fjy,0.845238095,0.5
hover,3,fjy,0.87797619,0.5
hover,4,fjy,0.898809524,0.5
place,0,lc,0.715542522,0.5
place,1,lc,0.809384164,0.5
place,2,lc,0.850439883,0.5
place,3,lc,0.868035191,0.5
place,4,lc,0.88856305,0.5
hover,0,lc,0.782738095,0.5
hover,1,lc,0.904761905,0.5
hover,2,lc,0.931547619,0.5
hover,3,lc,0.946428571,0.5
hover,4,lc,0.952380952,0.5
place,0,lwk,0.728358209,0.5
place,1,lwk,0.841791045,0.5
place,2,lwk,0.895522388,0.5
place,3,lwk,0.91641791,0.5
place,4,lwk,0.928358209,0.5
hover,0,lwk,0.726993865,0.5
hover,1,lwk,0.834355828,0.5
hover,2,lwk,0.880368098,0.5
hover,3,lwk,0.904907975,0.5
hover,4,lwk,0.911042945,0.5
place,0,lxy,0.803076923,0.5
place,1,lxy,0.898461538,0.5
place,2,lxy,0.938461538,0.5
place,3,lxy,0.953846154,0.5
place,4,lxy,0.956923077,0.5
hover,0,lxy,0.84939759,0.5
hover,1,lxy,0.948795181,0.5
hover,2,lxy,0.969879518,0.5
hover,3,lxy,0.969879518,0.5
hover,4,lxy,0.981927711,0.5
place,0,qdn,0.714285714,0.5
place,1,qdn,0.803571429,0.5
place,2,qdn,0.839285714,0.5
place,3,qdn,0.857142857,0.5
place,4,qdn,0.866071429,0.5
hover,0,qdn,0.71810089,0.5
hover,1,qdn,0.827893175,0.5
hover,2,qdn,0.878338279,0.5
hover,3,qdn,0.902077151,0.5
hover,4,qdn,0.922848665,0.5
place,0,wyd,0.735465116,0.5
place,1,wyd,0.863372093,0.5
place,2,wyd,0.909883721,0.5
place,3,wyd,0.927325581,0.5
place,4,wyd,0.944767442,0.5
hover,0,wyd,0.780564263,0.5
hover,1,wyd,0.855799373,0.5
hover,2,wyd,0.921630094,0.5
hover,3,wyd,0.927899687,0.5
hover,4,wyd,0.94984326,0.5
place,0,czt,0.612903226,0.5
place,1,czt,0.741935484,0.5
place,2,czt,0.806451613,0.5
place,3,czt,0.835777126,0.5
place,4,czt,0.862170088,0.5
hover,0,czt,0.620795107,0.5
hover,1,czt,0.752293578,0.5
hover,2,czt,0.813455657,0.5
hover,3,czt,0.880733945,0.5
hover,4,czt,0.892966361,0.5
place,0,gsh,0.834862385,0.5
place,1,gsh,0.941896024,0.5
place,2,gsh,0.975535168,0.5
place,3,gsh,0.98470948,0.5
place,4,gsh,0.987767584,0.5
hover,0,gsh,0.860119048,0.5
hover,1,gsh,0.952380952,0.5
hover,2,gsh,0.979166667,0.5
hover,3,gsh,0.985119048,0.5
hover,4,gsh,0.988095238,0.5
place,0,fsq,0.663716814,0.5
place,1,fsq,0.793510324,0.5
place,2,fsq,0.837758112,0.5
place,3,fsq,0.876106195,0.5
place,4,fsq,0.89380531,0.5
hover,0,fsq,0.684210526,0.5
hover,1,fsq,0.815789474,0.5
hover,2,fsq,0.868421053,0.5
hover,3,fsq,0.900584795,0.5
hover,4,fsq,0.912280702,0.5